Id,PerimeterName,BU_Id,BU_Name
1,Axians,54000211461,"DESKTOP 2026 AXIANS BASINGSTOKE"
1,Axians,54000211463,"DESKTOP 2026 AXIANS COVENTRY"
1,Axians,54000211462,"DESKTOP 2026 AXIANS PERIMETER SUPPORT"
1,Axians,54000211465,"DESKTOP 2026 AXIANS WOKINGHAM"
2,Actemium Automation,54000211451,"DESKTOP 2026 ACTEMIUM AUTO 24-7"
2,Actemium Automation,54000211448,"DESKTOP 2026 ACTEMIUM AUTO HAMPSHIRE"
2,Actemium Automation,54000211449,"DESKTOP 2026 ACTEMIUM AUTO NOTTINGHAM"
2,Actemium Automation,54000211447,"DESKTOP 2026 ACTEMIUM AUTO PERIMETER"
2,Actemium Automation,54000211450,"DESKTOP 2026 ACTEMIUM AUTO TEESIDE"
2,Actemium Automation,54000211452,"DESKTOP 2026 ACTEMIUM AUTO YORKSHIRE"